Journal title,ISSN,eISSN,Publisher name,Publisher address,Languages,Web of Science Categories
AMERICAN BANKRUPTCY LAW JOURNAL,0027-9048,,NATL CONF BANKRUPT J,"235 SECRET COVE DR, LEXINGTON, USA, SC, 29072",English,Law
AMERICAN BUSINESS LAW JOURNAL,0002-7766,1744-1714,WILEY,"111 RIVER ST, HOBOKEN, USA, NJ, 07030-5774",English,Business | Law
AMERICAN CRIMINAL LAW REVIEW,0164-0364,0164-0364,AMER CRIMINAL LAW REVIEW,"GEORGETOWN UNIV LAW CTR 600 NEW JERSEY AVE NW, WASHINGTON, USA, DC, 20001",English,Law
AMERICAN JOURNAL OF COMPARATIVE LAW,0002-919X,2326-9197,OXFORD UNIV PRESS INC,"JOURNALS DEPT, 2001 EVANS RD, CARY, USA, NC, 27513",English,Law
AMERICAN JOURNAL OF INTERNATIONAL LAW,0002-9300,2161-7953,CAMBRIDGE UNIV PRESS,"EDINBURGH BLDG, SHAFTESBURY RD, CAMBRIDGE, ENGLAND, CB2 8RU",English,International Relations | Law
AMERICAN JOURNAL OF LAW & MEDICINE,0098-8588,2375-835X,CAMBRIDGE UNIV PRESS,"EDINBURGH BLDG, SHAFTESBURY RD, CAMBRIDGE, ENGLAND, CB2 8RU",English,Law
AMERICAN LAW AND ECONOMICS REVIEW,1465-7252,1465-7260,OXFORD UNIV PRESS INC,"JOURNALS DEPT, 2001 EVANS RD, CARY, USA, NC, 27513",English,Economics | Law
ANNUAL REVIEW OF LAW AND SOCIAL SCIENCE,1550-3585,1550-3631,ANNUAL REVIEWS,"4139 EL CAMINO WAY, PO BOX 10139, PALO ALTO, USA, CA, 94303-0139",English,Law | Sociology
ANUARIO DE PSICOLOGIA JURIDICA,1133-0740,2174-0542,COLEGIO OFICIAL PSICOLOGOS MADRID,"C/CUESTA SAN VICENTE, NO 4, 6 PLANTA, MADRID, Spain, 28008",Spanish,"Law | Psychology, Multidisciplinary"
ARTIFICIAL INTELLIGENCE AND LAW,0924-8463,1572-8382,SPRINGER,"VAN GODEWIJCKSTRAAT 30, DORDRECHT, NETHERLANDS, 3311 GZ",English,Law
ASIAN JOURNAL OF WTO & INTERNATIONAL HEALTH LAW AND POLICY,1819-5164,,NATL TAIWAN UNIV PRESS,"NO 1 SECTION 4, ROOSEVELT RD, TAIPEI, TAIWAN, 106",English,Health Policy & Services | International Relations | Law
ASIA PACIFIC LAW REVIEW,1019-2557,1875-8444,TAYLOR & FRANCIS LTD,"2-4 PARK SQUARE, MILTON PARK, ABINGDON, England, OXON, OX14 4RN",English,Law
BEHAVIORAL SCIENCES & THE LAW,0735-3936,1099-0798,WILEY,"111 RIVER ST, HOBOKEN, USA, NJ, 07030-5774",English,"Psychology, Applied | Law"
BOSTON UNIVERSITY LAW REVIEW,0006-8047,0006-8047,BOSTON UNIV LAW REVIEW,"765 COMMONWEALTH AVE, BOSTON, USA, MA, 02215",English,Law
BUFFALO LAW REVIEW,0023-9356,0023-9356,UNIV BUFFALO STATE UNIV NEW YORK,"SCHOOL LAW, 605 JOHN LORD O BRIAN HALL, NORTH CAMPUS, BUFFALO, USA, NY, 14260",English,Law
CALIFORNIA LAW REVIEW,0008-1221,1942-6542,"UNIV CALIFORNIA,  BERKELEY SCH LAW","BOAT HALL, 588 SIMON HALL, BERKELEY, USA, CA, 94720-7200",English,Law
CAMBRIDGE LAW JOURNAL,0008-1973,1469-2139,CAMBRIDGE UNIV PRESS,"EDINBURGH BLDG, SHAFTESBURY RD, CAMBRIDGE, ENGLAND, CB2 8RU",English,Law
CATHOLIC UNIVERSITY LAW REVIEW,0008-8390,0008-8390,CATHOLIC UNIV AMER PRESS,"620 MICHIGAN AVENUE NE ADMIN BLDG ROOM 303, WASHINGTON, USA, DC, 20064",English,Law
CHINESE JOURNAL OF INTERNATIONAL LAW,1540-1650,1746-9937,OXFORD UNIV PRESS,"GREAT CLARENDON ST, OXFORD, ENGLAND, OX2 6DP",English,International Relations | Law
COLUMBIA JOURNAL OF LAW AND SOCIAL PROBLEMS,0010-1923,0010-1923,COLUMBIA JOURNAL TRANSNATIONAL LAW ASSOC,"COLUMBIA UNIV, SCHOOL LAW, 435 W 116TH ST, NEW YORK, USA, NY, 10027",English,Law | Social Issues
COLUMBIA JOURNAL OF TRANSNATIONAL LAW,0010-1931,2159-1814,COLUMBIA JOURNAL TRANSNATIONAL LAW ASSOC,"COLUMBIA UNIV, SCHOOL LAW, 435 W 116TH ST, NEW YORK, USA, NY, 10027",English,International Relations | Law
COLUMBIA LAW REVIEW,0010-1958,1945-2268,COLUMBIA JOURNAL TRANSNATIONAL LAW ASSOC,"COLUMBIA UNIV, SCHOOL LAW, 435 W 116TH ST, NEW YORK, USA, NY, 10027",English,Law
COMMON MARKET LAW REVIEW,0165-0750,1875-8320,KLUWER LAW INT,"ZUIDPOOLSINGEL 2, PO BOX 316, ALPHEN AAN DEN RIJN, NETHERLANDS, 2400 AH",English,International Relations | Law
COMPUTER LAW & SECURITY REVIEW,2212-473X,2212-4748,ELSEVIER ADVANCED TECHNOLOGY,"OXFORD FULFILLMENT CENTRE THE BOULEVARD, LANGFORD LANE, KIDLINGTON, OXFORD, ENGLAND, OXON, OX5 1GB",English,Law
CORNELL INTERNATIONAL LAW JOURNAL,0010-8812,1930-7977,CORNELL INT LAW JOURNAL,"CORNELL LAW SCHOOL, ITHACA, USA, NY, 14850",English,International Relations | Law
CORNELL LAW REVIEW,0010-8847,0010-8847,CORNELL LAW REVIEW,"CORNELL LAW SCHOOL, ITHACA, USA, NY, 14853-4901",English,Law
CURRENT LEGAL PROBLEMS,0070-1998,2044-8422,OXFORD UNIV PRESS,"GREAT CLARENDON ST, OXFORD, ENGLAND, OX2 6DP",English,Law
DENVER LAW REVIEW,2469-6463,2469-6463,"UNIV DENVER, STURM COLLEGE LAW","2255 E EVANS AVENUE, DENVER, USA, CO, 80208",English,Law
DUKE LAW JOURNAL,0012-7086,1939-9111,DUKE UNIV,"SCHOOL LAW BOX 90364, DURHAM, USA, NC, 27708-0364",English,Law
ECOLOGY LAW QUARTERLY,0046-1121,0046-1121,"UNIV CALIFORNIA,  BERKELEY SCH LAW","BOAT HALL, 588 SIMON HALL, BERKELEY, USA, CA, 94720-7200",English,Environmental Studies | Law
EUROPEAN BUSINESS ORGANIZATION LAW REVIEW,1566-7529,1741-6205,SPRINGER HEIDELBERG,"TIERGARTENSTRASSE 17, HEIDELBERG, GERMANY, D-69121",English,Business | Law
EUROPEAN CONSTITUTIONAL LAW REVIEW,1574-0196,1744-5515,CAMBRIDGE UNIV PRESS,"EDINBURGH BLDG, SHAFTESBURY RD, CAMBRIDGE, ENGLAND, CB2 8RU",English,Law
EUROPEAN JOURNAL OF INTERNATIONAL LAW,0938-5428,1464-3596,OXFORD UNIV PRESS,"GREAT CLARENDON ST, OXFORD, ENGLAND, OX2 6DP",English,International Relations | Law
EUROPEAN JOURNAL OF LAW AND ECONOMICS,0929-1261,1572-9990,SPRINGER,"ONE NEW YORK PLAZA, SUITE 4600 , NEW YORK, United States, NY, 10004",English,Economics | Law
EUROPEAN JOURNAL OF MIGRATION AND LAW,1388-364X,1571-8166,BRILL,"PLANTIJNSTRAAT 2, P O BOX 9000, LEIDEN, NETHERLANDS, 2300 PA",English,Demography | Law
EUROPEAN JOURNAL OF PSYCHOLOGY APPLIED TO LEGAL CONTEXT,1889-1861,1989-4007,COLEGIO OFICIAL PSICOLOGOS MADRID,"C/CUESTA SAN VICENTE, NO 4, 6 PLANTA, MADRID, Spain, 28008",Multi-Language,"Law | Psychology, Multidisciplinary"
EUROPEAN LAW JOURNAL,1351-5993,1468-0386,WILEY,"111 RIVER ST, HOBOKEN, USA, NJ, 07030-5774",English,Law
EUROPEAN LAW REVIEW,0307-5400,0307-5400,SWEET MAXWELL LTD,"NORTH WAY, ANDOVER, ENGLAND, HANTS, SP10 5BE",English,Law
FEMINIST LEGAL STUDIES,0966-3622,1572-8455,SPRINGER,"VAN GODEWIJCKSTRAAT 30, DORDRECHT, NETHERLANDS, 3311 GZ",English,Law | Women'S Studies
FOOD AND DRUG LAW JOURNAL,1064-590X,1064-590X,FOOD DRUG LAW INST,"1000 VERMONT AVE NW, SUITE 1200, WASHINGTON, USA, DC, 20005-4903",English,Law
FORDHAM LAW REVIEW,0015-704X,0015-704X,"FORDHAM UNIV, SCHOOL LAW","140 W 62ND STREET, NEW YORK, USA, NY, 10023",English,Law
GEORGETOWN LAW JOURNAL,0016-8092,0016-8092,GEORGETOWN LAW JOURNAL ASSOC,"600 NEW JERSEY AVE N W, WASHINGTON, USA, DC, 20001",English,Law
GEORGE WASHINGTON LAW REVIEW,0016-8076,0016-8076,GEORGE WASHINGTON UNIV,"2000 H STREET N W, WASHINGTON, USA, DC, 20052",English,Law
HAGUE JOURNAL ON THE RULE OF LAW,1876-4045,1876-4053,SPRINGER WIEN,"Prinz-Eugen-Strasse 8-10, Vienna, Austria, A-1040",English,Law
HARVARD CIVIL RIGHTS-CIVIL LIBERTIES LAW REVIEW,0017-8039,1943-5061,HARVARD LAW SCHOOL,"PUBLICATIONS CTR, CAMBRIDGE, USA, MA, 02138",English,Law
HARVARD ENVIRONMENTAL LAW REVIEW,0147-8257,0147-8257,HARVARD LAW SCHOOL,"PUBLICATIONS CTR, CAMBRIDGE, USA, MA, 02138",English,Environmental Studies | Law
HARVARD INTERNATIONAL LAW JOURNAL,0017-8063,2153-2494,HARVARD LAW SCHOOL,"PUBLICATIONS CTR, CAMBRIDGE, USA, MA, 02138",English,Law
HARVARD JOURNAL OF LAW AND PUBLIC POLICY,0193-4872,0193-4872,HARVARD SOC LAW PUBLIC POLICY,"HARVARD LAW SCHOOL, CAMBRIDGE, USA, MA, 02138",English,Law
HARVARD JOURNAL ON LEGISLATION,0017-808X,1943-507X,HARVARD LAW SCHOOL,"PUBLICATIONS CTR, CAMBRIDGE, USA, MA, 02138",English,Law
HARVARD LAW REVIEW,0017-811X,2161-976X,HARVARD LAW REV ASSOC,"GANNETT HOUSE, 1511 MASSACHUSETTS AVE, CAMBRIDGE, USA, MA, 02138",English,Law
HASTINGS LAW JOURNAL,0017-8322,0017-8322,UNIV CALIF,"HASTINGS COLLEGE LAW 200 MCALLISTER ST, SAN FRANCISCO, USA, CA, 94102",English,Law
HONG KONG LAW JOURNAL,0378-0600,,SWEET MAXWELL LTD,"NORTH WAY, ANDOVER, ENGLAND, HANTS, SP10 5BE",English,Law
HUMAN RIGHTS LAW REVIEW,1461-7781,1744-1021,OXFORD UNIV PRESS,"GREAT CLARENDON ST, OXFORD, ENGLAND, OX2 6DP",English,International Relations | Law
ICON-INTERNATIONAL JOURNAL OF CONSTITUTIONAL LAW,1474-2640,1474-2659,OXFORD UNIV PRESS,"GREAT CLARENDON ST, OXFORD, ENGLAND, OX2 6DP",English,Law
ICSID REVIEW-FOREIGN INVESTMENT LAW JOURNAL,0258-3690,2049-1999,OXFORD UNIV PRESS,"GREAT CLARENDON ST, OXFORD, ENGLAND, OX2 6DP",English,Law
INDIANA LAW JOURNAL,0019-6665,2169-3218,INDIANA LAW JOURNAL,"INDIANA UNIV SCHOOL LAW, BLOOMINGTON, USA, IN, 47405",English,Law
INDUSTRIAL LAW JOURNAL,0305-9332,1464-3669,OXFORD UNIV PRESS,"GREAT CLARENDON ST, OXFORD, ENGLAND, OX2 6DP",English,Industrial Relations & Labor | Law
INTERNATIONAL & COMPARATIVE LAW QUARTERLY,0020-5893,1471-6895,CAMBRIDGE UNIV PRESS,"EDINBURGH BLDG, SHAFTESBURY RD, CAMBRIDGE, ENGLAND, CB2 8RU",English,Law
INTERNATIONAL DATA PRIVACY LAW,2044-3994,2044-4001,OXFORD UNIV PRESS,"GREAT CLARENDON ST, OXFORD, ENGLAND, OX2 6DP",English,Law
INTERNATIONAL ENVIRONMENTAL AGREEMENTS-POLITICS LAW AND ECONOMICS,1567-9764,1573-1553,SPRINGER,"VAN GODEWIJCKSTRAAT 30, DORDRECHT, NETHERLANDS, 3311 GZ",English,Economics | Environmental Studies | Law | Political Science
INTERNATIONAL INSOLVENCY REVIEW,1180-0518,1099-1107,WILEY,"111 RIVER ST, HOBOKEN, USA, NJ, 07030-5774",English,"Business, Finance | Law"
INTERNATIONAL JOURNAL OF EVIDENCE & PROOF,1365-7127,1740-5572,SAGE PUBLICATIONS LTD,"105 Bunhill Row, LONDON, England, EC1Y 8LZ",English,Law
INTERNATIONAL JOURNAL OF HUMAN RIGHTS,1364-2987,1744-053X,"ROUTLEDGE JOURNALS, TAYLOR & FRANCIS LTD","2-4 PARK SQUARE, MILTON PARK, ABINGDON, ENGLAND, OXON, OX14 4RN",English,Law
INTERNATIONAL JOURNAL OF LAW AND PSYCHIATRY,0160-2527,1873-6386,PERGAMON-ELSEVIER SCIENCE LTD,"THE BOULEVARD, LANGFORD LANE, KIDLINGTON, OXFORD, ENGLAND, OX5 1GB",English,Law | Psychiatry
INTERNATIONAL JOURNAL OF LAW CRIME AND JUSTICE,1756-0616,1876-763X,ELSEVIER SCI LTD,"125 London Wall, London, England, EC2Y 5AS",English,Criminology & Penology | Law
INTERNATIONAL JOURNAL OF LAW IN CONTEXT,1744-5523,1744-5531,CAMBRIDGE UNIV PRESS,"EDINBURGH BLDG, SHAFTESBURY RD, CAMBRIDGE, ENGLAND, CB2 8RU",English,Law
INTERNATIONAL JOURNAL OF LAW POLICY AND THE FAMILY,1360-9939,1464-3707,OXFORD UNIV PRESS,"GREAT CLARENDON ST, OXFORD, ENGLAND, OX2 6DP",English,Family Studies | Law
INTERNATIONAL JOURNAL OF MARINE AND COASTAL LAW,0927-3522,1571-8085,MARTINUS NIJHOFF PUBL,"PO BOX 9000, LEIDEN, NETHERLANDS, 2300 PA",English,Law
INTERNATIONAL JOURNAL OF TRANSITIONAL JUSTICE,1752-7716,1752-7724,OXFORD UNIV PRESS,"GREAT CLARENDON ST, OXFORD, ENGLAND, OX2 6DP",English,International Relations | Law | Political Science
INTERNATIONAL REVIEW OF LAW AND ECONOMICS,0144-8188,1873-6394,ELSEVIER SCIENCE INC,"STE 800, 230 PARK AVE, NEW YORK, USA, NY, 10169",English,Economics | Law
INTERNATIONAL REVIEW OF THE RED CROSS,1816-3831,1607-5889,CAMBRIDGE UNIV PRESS,"EDINBURGH BLDG, SHAFTESBURY RD, CAMBRIDGE, ENGLAND, CB2 8RU",English,Law
IOWA LAW REVIEW,0021-0552,,"UNIV IOWA, COLL LAW","290 BOYD LAW BLDG, IOWA CITY, USA, IA, 52242",English,Law
ISSUES IN LAW & MEDICINE,8756-8160,2377-6463,NATL LEGAL CENTER MEDICALLY DEPENDENT & DISABLED INC,"50 S MERIDIAN STE 200, INDIANAPOLIS, USA, IN, 46204-3537",English,Law
JOURNAL OF AFRICAN LAW,0021-8553,1464-3731,CAMBRIDGE UNIV PRESS,"EDINBURGH BLDG, SHAFTESBURY RD, CAMBRIDGE, ENGLAND, CB2 8RU",English,Law
JOURNAL OF COMPETITION LAW & ECONOMICS,1744-6414,1744-6422,OXFORD UNIV PRESS,"GREAT CLARENDON ST, OXFORD, ENGLAND, OX2 6DP",English,Economics | Law
JOURNAL OF CORPORATE LAW STUDIES,1473-5970,1757-8426,"ROUTLEDGE JOURNALS, TAYLOR & FRANCIS LTD","2-4 PARK SQUARE, MILTON PARK, ABINGDON, ENGLAND, OXON, OX14 4RN",English,Law
JOURNAL OF CRIMINAL LAW & CRIMINOLOGY,0091-4169,2160-0325,NORTHWESTERN UNIV,"SCHOOL OF LAW OFFICE OF LEGAL PUBLICATIONS 357 EAST CHICAGO AVE, CHICAGO, USA, IL, 60611-3069",English,Criminology & Penology | Law
JOURNAL OF EMPIRICAL LEGAL STUDIES,1740-1453,1740-1461,WILEY,"111 RIVER ST, HOBOKEN, USA, NJ, 07030-5774",English,Law
JOURNAL OF ENERGY & NATURAL RESOURCES LAW,0264-6811,2376-4538,TAYLOR & FRANCIS LTD,"2-4 PARK SQUARE, MILTON PARK, ABINGDON, England, OXON, OX14 4RN",English,Environmental Studies | Law
JOURNAL OF ENVIRONMENTAL LAW,0952-8873,1464-374X,OXFORD UNIV PRESS,"GREAT CLARENDON ST, OXFORD, ENGLAND, OX2 6DP",English,Environmental Studies | Law
JOURNAL OF INTERNATIONAL CRIMINAL JUSTICE,1478-1387,1478-1395,OXFORD UNIV PRESS,"GREAT CLARENDON ST, OXFORD, ENGLAND, OX2 6DP",English,Law
JOURNAL OF INTERNATIONAL DISPUTE SETTLEMENT,2040-3593,2040-3585,OXFORD UNIV PRESS,"GREAT CLARENDON ST, OXFORD, ENGLAND, OX2 6DP",English,Law
JOURNAL OF INTERNATIONAL ECONOMIC LAW,1369-3034,1464-3758,OXFORD UNIV PRESS,"GREAT CLARENDON ST, OXFORD, ENGLAND, OX2 6DP",English,Law
JOURNAL OF LAW AND SOCIETY,0263-323X,1467-6478,WILEY,"111 RIVER ST, HOBOKEN, USA, NJ, 07030-5774",English,Law | Sociology
JOURNAL OF LAW AND THE BIOSCIENCES,2053-9711,2053-9711,OXFORD UNIV PRESS,"GREAT CLARENDON ST, OXFORD, ENGLAND, OX2 6DP",English,Ethics | Law
JOURNAL OF LAW & ECONOMICS,0022-2186,1537-5285,UNIV CHICAGO PRESS,"1427 E 60TH ST, CHICAGO, USA, IL, 60637-2954",English,Economics | Law
JOURNAL OF LAW ECONOMICS & ORGANIZATION,8756-6222,1465-7341,OXFORD UNIV PRESS INC,"JOURNALS DEPT, 2001 EVANS RD, CARY, USA, NC, 27513",English,Economics | Law
JOURNAL OF LAW MEDICINE & ETHICS,1073-1105,1748-720X,CAMBRIDGE UNIV PRESS,"EDINBURGH BLDG, SHAFTESBURY RD, CAMBRIDGE, ENGLAND, CB2 8RU",English,Ethics | Law
JOURNAL OF LEGAL ANALYSIS,2161-7201,1946-5319,OXFORD UNIV PRESS,"GREAT CLARENDON ST, OXFORD, ENGLAND, OX2 6DP",English,Law
JOURNAL OF LEGAL EDUCATION,0022-2208,0022-2208,SOUTHWESTERN LAW SCH,"3050 WILSHIRE BLVD, LOS ANGELES, USA, CA, 90010-1106",English,Education & Educational Research | Law
JOURNAL OF LEGAL MEDICINE,0194-7648,1521-057X,TAYLOR & FRANCIS INC,"530 WALNUT STREET, STE 850, PHILADELPHIA, USA, PA, 19106",English,"Law | Social Sciences, Biomedical"
JOURNAL OF LEGAL STUDIES,0047-2530,1537-5366,UNIV CHICAGO PRESS,"1427 E 60TH ST, CHICAGO, USA, IL, 60637-2954",English,Law
JOURNAL OF THE AMERICAN ACADEMY OF PSYCHIATRY AND THE LAW,1093-6793,1943-3662,AMER ACAD PSYCHIATRY & LAW,"ONE REGENCY DR, PO BOX 30, BLOOMFIELD, USA, CT, 06002",English,Law | Psychiatry
JOURNAL OF THE COPYRIGHT SOCIETY OF THE USA,0886-3520,0886-3520,COPYRIGHT SOC USA,"352 SEVENTH AVE, STE 739, NEW YORK, USA, NY, 10001",English,Law
JOURNAL OF WORLD ENERGY LAW & BUSINESS,1754-9957,1754-9965,OXFORD UNIV PRESS,"GREAT CLARENDON ST, OXFORD, ENGLAND, OX2 6DP",English,Business | Law
JOURNAL OF WORLD TRADE,1011-6702,2210-2795,KLUWER LAW INT,"ZUIDPOOLSINGEL 2, PO BOX 316, ALPHEN AAN DEN RIJN, NETHERLANDS, 2400 AH",English,Economics | International Relations | Law
JUVENILE AND FAMILY COURT JOURNAL,,1755-6988,WILEY,"111 RIVER ST, HOBOKEN, USA, NJ, 07030-5774",English,Law
LAW AND HISTORY REVIEW,0738-2480,1939-9022,CAMBRIDGE UNIV PRESS,"EDINBURGH BLDG, SHAFTESBURY RD, CAMBRIDGE, ENGLAND, CB2 8RU",English,History | History Of Social Sciences | Law
LAW AND HUMAN BEHAVIOR,0147-7307,1573-661X,EDUCATIONAL PUBLISHING FOUNDATION-AMERICAN PSYCHOLOGICAL ASSOC,"750 FIRST ST, NE, WASHINGTON, USA, DC, 20002-4242",English,"Law | Psychology, Social"
LAW AND PHILOSOPHY,0167-5249,1573-0522,SPRINGER,"VAN GODEWIJCKSTRAAT 30, DORDRECHT, NETHERLANDS, 3311 GZ",English,Ethics | Law
LAW LIBRARY JOURNAL,0023-9283,0023-9283,AMER ASSOC LAW LIBRARIES,"SUITE 703 53 WEST JACKSON BLVD, CHICAGO, USA, IL, 60604",English,Information Science & Library Science | Law
LAW & POLICY,0265-8240,1467-9930,WILEY,"111 RIVER ST, HOBOKEN, USA, NJ, 07030-5774",English,Law
LAW PROBABILITY & RISK,1470-8396,1470-840X,OXFORD UNIV PRESS,"GREAT CLARENDON ST, OXFORD, ENGLAND, OX2 6DP",English,"Law | Social Sciences, Mathematical Methods"
LAW & SOCIAL INQUIRY,0897-6546,1747-4469,CAMBRIDGE UNIV PRESS,"EDINBURGH BLDG, SHAFTESBURY RD, CAMBRIDGE, ENGLAND, CB2 8RU",English,Law
LAW & SOCIETY REVIEW,0023-9216,1540-5893,CAMBRIDGE UNIV PRESS,"EDINBURGH BLDG, SHAFTESBURY RD, CAMBRIDGE, ENGLAND, CB2 8RU",English,Law | Sociology
LEGAL AND CRIMINOLOGICAL PSYCHOLOGY,1355-3259,2044-8333,WILEY,"111 RIVER ST, HOBOKEN, USA, NJ, 07030-5774",English,"Criminology & Penology | Law | Psychology, Multidisciplinary"
LEGAL STUDIES,0261-3875,1748-121X,CAMBRIDGE UNIV PRESS,"EDINBURGH BLDG, SHAFTESBURY RD, CAMBRIDGE, ENGLAND, CB2 8RU",English,Law
LEIDEN JOURNAL OF INTERNATIONAL LAW,0922-1565,1478-9698,CAMBRIDGE UNIV PRESS,"EDINBURGH BLDG, SHAFTESBURY RD, CAMBRIDGE, ENGLAND, CB2 8RU",English,Law
MEDICAL LAW REVIEW,0967-0742,1464-3790,OXFORD UNIV PRESS,"GREAT CLARENDON ST, OXFORD, ENGLAND, OX2 6DP",English,Law
MEDICINE SCIENCE AND THE LAW,0025-8024,2042-1818,SAGE PUBLICATIONS INC,"2455 TELLER RD, THOUSAND OAKS, USA, CA, 91320",English,Law
MELBOURNE UNIVERSITY LAW REVIEW,0025-8938,1839-3810,MELBOURNE UNIV LAW REVIEW ASSOC,"UNIV MELBOURNE LAW SCH, VICTORIA, AUSTRALIA, 3010",English,Law
MICHIGAN LAW REVIEW,0026-2234,1939-8557,MICH LAW REV ASSOC,"HUTCHINS HALL 621 SOUTH STATE STREET, ANN ARBOR, USA, MI, 48109",English,Law
MINNESOTA LAW REVIEW,0026-5535,0026-5535,MINN LAW REVIEW FOUND,"229 19TH AVE SOUTH UNIV MINNESOTA, MINNEAPOLIS, USA, MN, 55455",English,Law
MODERN LAW REVIEW,0026-7961,1468-2230,WILEY,"111 RIVER ST, HOBOKEN, USA, NJ, 07030-5774",English,Law
NATURAL RESOURCES JOURNAL,0028-0739,0028-0739,"UNIV NEW MEXICO, SCH LAW","MSC11-6070, 1 UNIVERSITY NEW MEXICO, ALBUQUERQUE, USA, NM, 87131",English,Environmental Studies | Law
NETHERLANDS QUARTERLY OF HUMAN RIGHTS,0924-0519,2214-7357,SAGE PUBLICATIONS INC,"2455 TELLER RD, THOUSAND OAKS, USA, CA, 91320",English,Law
NEW YORK UNIVERSITY LAW REVIEW,0028-7881,0028-7881,NEW YORK UNIV SCHOOL LAW,"110 WEST THIRD ST, NEW YORK, USA, NY, 10012",English,Law
NORTHWESTERN JOURNAL OF INTERNATIONAL LAW & BUSINESS,0196-3228,,NORTHWESTERN UNIV SCHOOL LAW,"357 EAST CHICAGO AVE, CHICAGO 11, USA, IL, 00000",English,Law
NORTHWESTERN UNIVERSITY LAW REVIEW,0029-3571,,NORTHWESTERN UNIV,"SCHOOL OF LAW OFFICE OF LEGAL PUBLICATIONS 357 EAST CHICAGO AVE, CHICAGO, USA, IL, 60611-3069",English,Law
NOTRE DAME LAW REVIEW,0745-3515,,NOTRE DAME LAW SCHOOL,"NOTRE DAME LAW SCHOOL, ROOM B1, NOTRE DAME, USA, IN, 46556",English,Law
OCEAN DEVELOPMENT AND INTERNATIONAL LAW,0090-8320,1521-0642,TAYLOR & FRANCIS INC,"530 WALNUT STREET, STE 850, PHILADELPHIA, USA, PA, 19106",English,International Relations | Law
OXFORD JOURNAL OF LEGAL STUDIES,0143-6503,1464-3820,OXFORD UNIV PRESS,"GREAT CLARENDON ST, OXFORD, ENGLAND, OX2 6DP",English,Law
PSYCHIATRY PSYCHOLOGY AND LAW,1321-8719,1934-1687,"ROUTLEDGE JOURNALS, TAYLOR & FRANCIS LTD","2-4 PARK SQUARE, MILTON PARK, ABINGDON, ENGLAND, OXON, OX14 4RN",English,"Criminology & Penology | Law | Psychiatry | Psychology, Multidisciplinary"
PSYCHOLOGY CRIME & LAW,1068-316X,1477-2744,"ROUTLEDGE JOURNALS, TAYLOR & FRANCIS LTD","2-4 PARK SQUARE, MILTON PARK, ABINGDON, ENGLAND, OXON, OX14 4RN",English,"Criminology & Penology | Law | Psychology, Multidisciplinary"
PSYCHOLOGY PUBLIC POLICY AND LAW,1076-8971,1939-1528,AMER PSYCHOLOGICAL ASSOC,"750 FIRST ST NE, WASHINGTON, USA, DC, 20002-4242",English,"Health Policy & Services | Law | Psychology, Multidisciplinary"
QUEEN MARY JOURNAL OF INTELLECTUAL PROPERTY,2045-9807,2045-9815,EDWARD ELGAR PUBLISHING LTD,"THE LYPIATTS, 15 LANSDOWN RD, CHELTENHAM, ENGLAND, GLOS, GL50 2JA",English,Law
REGULATION & GOVERNANCE,1748-5983,1748-5991,WILEY,"111 RIVER ST, HOBOKEN, USA, NJ, 07030-5774",English,Law | Political Science | Public Administration
REVIEW OF CENTRAL AND EAST EUROPEAN LAW,0925-9880,0925-9880,MARTINUS NIJHOFF PUBL,"PO BOX 9000, LEIDEN, NETHERLANDS, 2300 PA",English,Law
REVIEW OF EUROPEAN COMPARATIVE & INTERNATIONAL ENVIRONMENTAL LAW,2050-0386,2050-0394,WILEY,"111 RIVER ST, HOBOKEN, USA, NJ, 07030-5774",English,Environmental Studies | Law
REVISTA CHILENA DE DERECHO,0718-3437,0718-3437,PONTIFICA UNIV CATOLICA DE CHILE FACULTAD DE DERECHO,"AV LIBERATADOR BENARDO O HIGGINS 340, SANTIAGO, CHILE, CASILLA 114-D, SANTIAGO 1, CHILE, 00000",Spanish,Law
REVISTA ESPANOLA DE DERECHO CONSTITUCIONAL,0211-5743,1989-0648,CENTRO ESTUDIOS POLITICOS CONSTITUCIONALES,"PLAZA DE LA MARINA ESPANOLA 9, MADRID, SPAIN, 28071",Spanish,Law
RUTGERS UNIVERSITY LAW REVIEW,2374-3859,2374-3859,RUTGERS UNIV,"SCHOOL LAW 123 WASHINGTON ST, NEWARK, USA, NJ, 07102",English,Law
SOCIAL & LEGAL STUDIES,0964-6639,1461-7390,SAGE PUBLICATIONS LTD,"105 Bunhill Row, LONDON, England, EC1Y 8LZ",English,"Criminology & Penology | Law | Social Sciences, Interdisciplinary"
SOUTH AFRICAN JOURNAL ON HUMAN RIGHTS,0258-7203,1996-2126,TAYLOR & FRANCIS LTD,"2-4 PARK SQUARE, MILTON PARK, ABINGDON, England, OXON, OX14 4RN",English,Law
SOUTHERN CALIFORNIA LAW REVIEW,0038-3910,0038-3910,UNIV SOUTHERN CALIF,"LAW CENTER UNIV PARK, LOS ANGELES, USA, CA, 90089-0071",English,Law
STANFORD LAW REVIEW,0038-9765,1939-8581,"STANFORD UNIV, STANFORD LAW SCHOOL","STANFORD JOURNAL INT LAW, 559 NATHAN ABBOTT WAY, STANFORD, USA, CA, 94305-8610",English,Law
SUPREME COURT REVIEW,0081-9557,2158-2459,UNIV CHICAGO PRESS,"1427 E 60TH ST, CHICAGO, USA, IL, 60637-2954",English,Law
TEXAS LAW REVIEW,0040-4411,1942-857X,TEXAS LAW REVIEW PUBL INC,"727 E 26TH ST, AUSTIN, USA, TX, 78705",English,Law
TIJDSCHRIFT VOOR RECHTSGESCHIEDENIS-REVUE D HISTOIRE DU DROIT-THE LEGAL HISTORY REVIEW,0040-7585,0040-7585,BRILL,"PLANTIJNSTRAAT 2, P O BOX 9000, LEIDEN, NETHERLANDS, 2300 PA",English,History | Law
TRANSNATIONAL ENVIRONMENTAL LAW,2047-1025,2047-1033,CAMBRIDGE UNIV PRESS,"EDINBURGH BLDG, SHAFTESBURY RD, CAMBRIDGE, ENGLAND, CB2 8RU",English,Environmental Studies | Law
UCLA LAW REVIEW,0041-5650,1943-1724,UNIV CALIF,"SCH LAW 405 HILGARD AVE, LOS ANGELES, USA, CA, 90024",English,Law
UNIVERSITY OF CHICAGO LAW REVIEW,0041-9494,,UNIV CHICAGO LAW SCH,"1111 E 60TH ST, CHICAGO, USA, IL, 60637",English,Law
UNIVERSITY OF CINCINNATI LAW REVIEW,0009-6881,1942-8391,UNIV CINCINNATI LAW REVIEW,"UNIV CINCINNATI COL LAW ROOM 300,TAFT HALL, CINCINNATI, USA, OH, 45221",English,Law
UNIVERSITY OF ILLINOIS LAW REVIEW,0276-9948,1942-9231,UNIV ILLINOIS,"COLLEGE OF LAW-76 LAW BLDG 504 E PENNSYLVANIA AVE, CHAMPAIGN, USA, IL, 61820",English,Law
UNIVERSITY OF PENNSYLVANIA JOURNAL OF INTERNATIONAL LAW,1938-0283,,UNIV PENN LAW SCH,"3400 CHESTNUT ST, PHILADELPHIA, USA, PA, 19104-6204",English,Law
UNIVERSITY OF PENNSYLVANIA LAW REVIEW,0041-9907,,UNIV PENN LAW SCH,"3400 CHESTNUT ST, PHILADELPHIA, USA, PA, 19104-6204",English,Law
UNIVERSITY OF PITTSBURGH LAW REVIEW,0041-9915,1942-8405,"UNIV PITTSBURGH, UNIV LIBRARY SYSTEM","3960 FORBES AVE, PITTSBURGH, USA, PA, 15260",English,Law
UNIVERSITY OF TORONTO LAW JOURNAL,0042-0220,1710-1174,UNIV TORONTO PRESS INC,"JOURNALS DIVISION, 5201 DUFFERIN ST, DOWNSVIEW, TORONTO, CANADA, ON, M3H 5T8",English,Law
VANDERBILT LAW REVIEW,0042-2533,1942-9886,VANDERBILT LAW REVIEW,"VANDERBILT UNIV SCHOOL OF LAW, NASHVILLE, USA, TN, 37240",English,Law
VIRGINIA LAW REVIEW,0042-6601,0042-6601,UNIV VIRGINIA LAW REVIEW ASSOC,"580 MASSIE ROAD, CHARLOTTESVILLE, USA, VA, 22903-1789",English,Law
WASHINGTON LAW REVIEW,0043-0617,,UNIV WASHINGTON SCHOOL OF LAW,"WASHINGTON LAW REVIEW 1100 NE CAMPUS PARKWAY 410 CONDON HALL, SEATTLE, USA, WA, 98105",English,Law
WASHINGTON QUARTERLY,0163-660X,1530-9177,"ROUTLEDGE JOURNALS, TAYLOR & FRANCIS LTD","2-4 PARK SQUARE, MILTON PARK, ABINGDON, ENGLAND, OXON, OX14 4RN",English,International Relations | Law
WISCONSIN LAW REVIEW,0043-650X,1943-1120,UNIV WISCONSIN LAW SCHOOL,"975 BASCOM MALL, MADISON, USA, WI, 53706",English,Law
WORLD TRADE REVIEW,1474-7456,1475-3138,CAMBRIDGE UNIV PRESS,"EDINBURGH BLDG, SHAFTESBURY RD, CAMBRIDGE, ENGLAND, CB2 8RU",English,Economics | International Relations | Law
YALE JOURNAL ON REGULATION,0741-9457,2376-5925,YALE JOURNAL ON REGULATION,"127 WALL STREET, NEW HAVEN, USA, CT, 06511",English,Law
YALE LAW JOURNAL,0044-0094,1939-8611,YALE LAW J CO INC,"401-A YALE STATION, NEW HAVEN, USA, CT, 06520",English,Law
